VIDEO_ID,EMOTION_NAME,SUBJECT_ID,DURATION,RATING,AVERAGE_RATING,VARIANCE_RATING,PHASE
460,anxiety,O4mOO2W80Od34gyNg7l6hJzqlDm2,900,5.81,6.404999999999999,0.8414570696119918,1
1485,sadness,O4mOO2W80Od34gyNg7l6hJzqlDm2,2600,6.37,5.8100000000000005,0.7919595949289333,1
460,anxiety,O4mOO2W80Od34gyNg7l6hJzqlDm2,2600,7.0,6.404999999999999,0.8414570696119918,2
1485,sadness,O4mOO2W80Od34gyNg7l6hJzqlDm2,900,5.25,5.8100000000000005,0.7919595949289333,2
